Date/Time,Media Description,Media Link
"You uploaded a profile photo on May 15, 2025 at 12:07 PM (GMT)", -,https://media.licdn.com/dms/image/v2/D4D03AQEN28q2nAns6g/profile-displayphoto-shrink_400_400/B4DZbT10ykG8Ag-/0/1747310826550?e=1777507200&v=beta&t=7SwTimC1paOHRq4b68rULtbyhlvebRs5nwZ2vmPSV4Y
"You uploaded a profile photo on May 15, 2025 at 12:07 PM (GMT)", -,https://media.licdn.com/dms/image/v2/D4D04AQEpspweAlO4dg/profile-originalphoto-shrink_900_1200/B4DZbT10ycG0AI-/0/1747310826356?e=1777507200&v=beta&t=QbdumbpRitH9tISnkzt54J0eZU5QpPqylqj3xa_nBiM
"You uploaded a article cover photo on October 26, 2023 at 7:26 PM (GMT)", -,https://media.licdn.com/dms/image/v2/D4D12AQFFEJ7nonuLUw/article-cover_image-shrink_720_1280/article-cover_image-shrink_720_1280/0/1698348407172?e=1777507200&v=beta&t=OswwNyJyCShrr334fS943qZ0AcQw4gVgR2otFpIfc7Y
"You uploaded a feed photo on March 27, 2023 at 11:42 AM (GMT)", -,https://media.licdn.com/dms/image/v2/D4D22AQGagPQHVTbhYg/feedshare-shrink_2048_1536/feedshare-shrink_2048_1536/0/1679917343445?e=1777507200&v=beta&t=2r4oN7mkuS88VJBoRP4Bzy1fSHcf82xZ4LNpb-kpy7E
"You uploaded a feed photo on March 20, 2023 at 3:03 PM (GMT)", -,https://media.licdn.com/dms/image/v2/C4D22AQHCsgSrXEBmPQ/feedshare-shrink_2048_1536/feedshare-shrink_2048_1536/0/1679324595573?e=1777507200&v=beta&t=oI3B_6Ubj_u3S-Ebb25e36rMc-eEFlxMl2Hlub_fQk0
"You uploaded a feed photo on July 17, 2021 at 8:52 PM (GMT)", -,https://media.licdn.com/dms/image/v2/C4D22AQHVILOuKmP8rg/feedshare-shrink_2048_1536/feedshare-shrink_2048_1536/0/1626555142400?e=1777507200&v=beta&t=3c689RAqQfXMe4n5fsHEySRCoKUGY9_9D2Solvmz-88
"You uploaded a feed photo on August 1, 2019 at 1:41 PM (GMT)", -,https://media.licdn.com/dms/image/v2/C4D22AQFZCSn6CMyQzA/feedshare-shrink_20/feedshare-shrink_20/0/1564666889380?e=1777507200&v=beta&t=-K0WIeLMlSvVV-za3DYxGhT0hm23ATNS8nPb7BiCFdg
"You uploaded a feed photo on June 5, 2019 at 9:02 PM (GMT)", -,https://media.licdn.com/dms/image/v2/C4D22AQE7M5-wa7bbvQ/feedshare-shrink_20/feedshare-shrink_20/0/1559768528307?e=1777507200&v=beta&t=YeIO4dvZWFUSKsrrnpWB_JMM5WsInSt6T5wQejlJg6c
"You uploaded a profile background photo on January 27, 2018 at 7:39 AM (GMT)", -,https://media.licdn.com/dms/image/v2/C5616AQHu1V7oXouT0w/profile-displaybackgroundimage-shrink_200_800/profile-displaybackgroundimage-shrink_200_800/0/1517038769814?e=1777507200&v=beta&t=ILwT6GF3rlJTbQ_IRgNNiUiU1E944TWoQfgjINadoT4
"You uploaded a profile background photo on January 27, 2018 at 7:39 AM (GMT)", -,https://media.licdn.com/dms/image/v2/C5604AQF2c3rp_ycvvA/profile-originalbackgroundimage-shrink_396_1584/profile-originalbackgroundimage-shrink_396_1584/0/1517038769115?e=1777507200&v=beta&t=EsysVgFv8e4lYBao3zTK6mZecA4gQtcdGwVA_5a-Ij4
